noise_type,anls
clean,0.8373722859041276
mixed,0.7632499170279781
char,0.8255138403563591
money,0.8000446474834215
date,0.8369560790420051
accent,0.8025379461122369
