noise_type,anls
clean,0.8410665049571482
mixed,0.7385872224591692
char,0.8228727610884867
money,0.790285313983955
date,0.8395004663108167
accent,0.8095634142920082
