noise_type,anls
clean,0.8533840699066105
mixed,0.8280167782509844
char,0.852596080365613
money,0.8482336755845266
date,0.8534870562272677
accent,0.8412303320061939
